data,hora,taxa
20240426,16:46:30,10.20071491324435
20240426,16:46:34,10.880325257889673
20240426,16:46:37,11.069434277163769
20240426,16:46:43,10.829729086596725
20240426,16:46:46,10.769183311762381
20240426,16:46:49,10.15710503115596
20240426,16:46:53,10.78039901806496
20240426,16:46:56,10.941344807329665
20240426,16:47:00,10.56338939225337
20240426,16:47:03,10.538253254266763
